Material;Usura_mat_mm;Usura_mat_g;Usura_disco_g;Durezza_Disco;CodPinza;Comprex_LP;Comprex_LR;Grindo_LP;Grindo_LR;PistoneCpx;Inerzia;Press_accost;Vmax;Rendimento;Indice_misura;Attrezzatura;Raggio_ruota;Area_pistone;CodImpianto;Raggio_medio;Disco_nuovo;Disco
9482;0.55;6.7;8;164;1;166;167;753;768;54;72.5;0.5;190;1;2;0;308;22.9;0;117.7;0;280x22
9799;0.54;9.7;5;169;1;194;184;740;742;54;65;0.5;195;1;2;0;308;22.9;1;118;0;280X22
16136;0.5;8.9;5;196;1;196;194;768;743;54;65;0.5;195;1;2;0;308;22.9;2;104;0;256X22
19269;0.36;7.9;6;194;1;194;190;0;0;54;65;0.5;195;1;2;0;308;22.9;2;104;0;256X22
19269;0.58;8.8;5.4;190;1;213;195;0;0;54;72.5;0.5;190;1;1;0;308;22.9;3;117.7;0;280x22
19269;0.24;7.4;4.2;208;1;205;194;0;0;54;65;0.5;185;1;2;0;308;22.9;4;104;0;256x22
22719;0.21;7;3;158;1;170;228;0;0;54;45;0.5;169;1;2;0;290;22.9;5;104;0;256x22
22719;0.7;7.9;4.6;226;1;165;166;0;0;54;65;0.5;185;1;2;0;308;22.9;6;104;0;256x22
22719;0.31;7.9;5.9;236;1;186;183;0;0;54;65;0.5;195;1;2;0;308;22.9;1;118;0;280X22
22719;0.33;6.9;3.9;199;1;172;183;0;0;54;65;0.5;195;1;2;0;308;22.9;1;118;0;280X22
26346;0.5;8.9;7.3;222;1;200;153;0;0;54;65;0.5;195;1;2;0;308;22.9;2;104;0;256X22
9630;1.12;13.3;11;175;1;200;200;779;748;54;72.5;0.5;190;1;2;0;308;22.9;0;117.7;0;280x22
9630;0.82;9.7;9;176;1;209;207;745;750;54;72.5;0.5;190;1;2;0;308;22.9;0;117.7;0;280x22
9631;0.65;8.3;7;173;1;189;280;717;721;54;72.5;0.5;190;1;2;0;308;22.9;0;117.7;0;280x22
18311;0.98;10.2;11;184;1;209;210;524;587;54;65;0.5;185;1;2;0;308;22.9;6;104;0;256x22
20178;0.42;7.7;7.3;226;1;161;179;0;0;54;65;0.5;185;1;2;0;308;22.9;4;104;0;256x22
20178;0.6;7.3;8.7;163;1;213;212;0;0;54;65;0.5;185;1;2;0;308;22.9;4;104;0;256x22
22157;0.58;7.9;7.9;220;1;208;210;0;0;54;65;0.5;185;1;2;0;308;22.9;4;104;0;256x22
22480;0.43;9.2;7.3;202;1;144;142;0;0;54;65;0.5;185;1;2;0;308;22.9;4;104;0;256x22
22480;0.39;8.6;7.8;223;1;137;133;0;0;54;65;0.5;185;1;2;0;308;22.9;4;104;0;256x22
18454;0.79;8.6;8;182;1;203;187;0;0;54;65;0.5;185;1;2;0;308;22.9;6;104;0;256x22
18296;0.72;10.1;10.3;218;1;174;186;0;0;54;65;0.5;195;1;2;0;308;22.9;1;118;0;280X22
25935;0.55;6.5;8.5;165;1;226;225;0;0;54;65;0.5;195;1;2;0;308;22.9;7;118;0;280x22
15759;0.64;8.1;12;168;1;216;209;791;735;54;65;0.5;185;1;2;0;308;22.9;6;104;0;256x22
23139;0.44;6.5;9;198;0;142;135;0;0;54;65;0.5;195;1;2;0;308;22.9;8;104;0;256x22
23139;0.57;6.6;8.9;199;0;118;138;0;0;54;65;0.5;195;1;2;0;308;22.9;8;104;0;256x22
20816;0.51;8.2;1.5;205;0;183;178;0;0;54;65;0.5;195;1;2;0;308;22.9;8;104;0;256x22
20816;0.49;7.8;1.4;198;0;187;182;0;0;54;65;0.5;195;1;2;0;308;22.9;8;104;0;256x22
21004;0.43;7.3;1.7;247;0;167;166;0;0;54;51;0.5;195;1;2;0;290;22.9;11;104;1;256x22
21004;0.47;7.3;1.2;243;0;168;189;0;0;54;51;0.5;195;1;2;0;290;22.9;11;104;1;256x22
21004;0.76;7.1;1.4;242;0;180;180;0;0;54;51;0.5;195;1;2;0;290;22.9;11;104;1;256x22
21004;0.51;8;1.5;249;3;168;158;0;0;54;65;0.5;190;1;2;0;308;22.9;9;117.7;0;280x22
21004;0.46;8;1.8;255;3;181;173;0;0;54;65;0.5;190;1;2;0;308;22.9;9;117.7;0;280x22
21004;0.44;7.6;1.7;257;3;162;167;0;0;54;65;0.5;190;1;2;0;308;22.9;9;117.7;0;280x22
21004;0.46;8.3;3.1;226;0;185;174;0;0;54;65;0.5;195;1;2;0;308;22.9;8;104;0;256x22
21004;0.49;8.2;1.5;247;3;155;150;0;0;54;65;0.5;190;1;2;0;308;22.9;9;117.7;0;280x22
21004;0.45;7.9;0.4;217;0;141;145;0;0;54;51;0.5;195;1;2;0;290;22.9;11;104;1;256x22
21004;0.49;8.1;1.9;217;0;157;152;0;0;54;51;0.5;195;1;2;0;290;22.9;11;104;1;256x22
21004;0.49;8.4;1.8;242;3;143;171;0;0;54;65;0.5;190;1;2;0;308;22.9;9;117.7;0;280x22
21004;0.5;8.6;1.6;236;3;150;160;0;0;54;65;0.5;190;1;2;0;308;22.9;9;117.7;0;280x22
21004;0.57;8.8;1.5;237;3;160;150;0;0;54;65;0.5;190;1;2;0;308;22.9;9;117.7;0;280x22
21004;0.78;9.5;5.5;216;0;170;173;0;0;54;65;0.5;195;1;2;0;308;22.9;13;104;0;256x22
21004;0.48;6.9;1.7;181;0;170;172;0;0;54;65;0.5;195;1;2;0;308;22.9;8;104;0;256x22
21004;0.42;7.7;2.1;208;0;182;178;0;0;54;65;0.5;195;1;2;0;308;22.9;13;104;0;256x22
21004;0.55;9;2.9;194;0;162;159;0;0;54;65;0.5;195;1;2;0;308;22.9;8;104;0;256x22
21004;0.67;9;3.2;205;0;176;178;0;0;54;65;0.5;195;1;2;0;308;22.9;8;104;0;256x22
21004;0.66;8.1;2.9;205;0;205;204;0;0;54;65;0.5;195;1;2;0;308;22.9;8;104;0;256x22
21004;0.52;8.8;3;188;0;37;36;0;0;54;65;0.5;195;1;2;0;308;22.9;8;104;0;256x22
21004;0.52;7.9;3.5;187;0;170;171;0;0;54;65;0.5;195;1;2;0;308;22.9;8;104;0;256x22
21004;0.55;9.2;2.9;186;0;160;160;0;0;54;65;0.5;195;1;2;0;308;22.9;8;104;0;256x22
21004;0.49;8.8;2.7;213;0;128;130;0;0;54;65;0.5;195;1;2;0;308;22.9;8;104;0;256x22
21004;0.59;8.8;3.6;208;0;131;139;0;0;54;65;0.5;195;1;2;0;308;22.9;8;104;0;256x22
21004;0.41;6.8;2.7;222;1;215;231;0;0;54;45;0.5;169;1;2;0;290;22.9;5;104;0;256x22
21004;0.56;9.1;4.8;204;0;206;205;0;0;54;65;0.5;195;1;2;0;308;22.9;8;104;0;256x22
21004;0.67;10.2;3.8;218;0;180;169;0;0;54;65;0.5;195;1;2;0;308;22.9;8;104;0;256x22
21004;0.54;8.2;2.9;199;1;185;174;0;0;54;72.5;0.5;190;1;1;0;308;22.9;3;117.7;0;280x22
22830;0.5;7;2.3;212;0;211;203;0;0;54;65;0.5;195;1;2;0;308;22.9;8;104;0;256x22
23105;0.62;10.5;7.8;205;0;200;170;0;0;54;65;0.5;195;1;2;0;308;22.9;8;104;0;256x22
23602;0.51;8.8;4.1;208;0;147;139;0;0;54;65;0.5;195;1;2;0;308;22.9;8;104;0;256x22
23892;0.7;9.5;4.5;229;0;220;219;0;0;54;65;0.5;195;1;2;0;308;22.9;8;104;0;256x22
24042;0.53;8.5;3.5;205;0;194;195;0;0;54;65;0.5;195;1;2;0;308;22.9;8;104;0;256x22
24043;0.57;8.8;3.9;205;0;174;174;0;0;54;65;0.5;195;1;2;0;308;22.9;8;104;0;256x22
24044;0.42;7.6;2.9;193;0;183;173;0;0;54;65;0.5;195;1;2;0;308;22.9;8;104;0;256x22
24388;1.83;22.3;4.2;183;0;176;187;0;0;54;65;0.5;195;1;2;0;308;22.9;8;104;0;256x22
24582;0.55;8.1;3;193;0;178;170;0;0;54;65;0.5;195;1;2;0;308;22.9;8;104;0;256x22
24583;0.78;8.1;3.1;154;0;365;385;0;0;54;65;0.5;195;1;2;0;308;22.9;8;104;0;256x22
24584;0.55;7.5;2.7;196;0;192;213;0;0;54;65;0.5;195;1;2;0;308;22.9;8;104;0;256x22
27078;1.07;13.9;2.3;245;3;146;136;0;0;54;65;0.5;190;1;2;0;308;22.9;9;117.7;0;280x22
27080;0.76;10.1;1.1;262;3;137;137;0;0;54;65;0.5;190;1;2;0;308;22.9;9;117.7;0;280x22
27080;1.05;14.3;0.9;251;3;161;155;0;0;54;65;0.5;190;1;2;0;308;22.9;9;117.7;0;280x22
28472;0.77;13.7;1.1;255;4;172;163;0;0;57;72.5;0.5;192;1;2;0;308;25.52;12;113;0;276x24
24281;0.38;6.8;2.3;181;0;199;190;0;0;54;65;0.5;195;1;2;0;308;22.9;8;104;0;256x22
25492;0.5;7.4;2.6;189;0;164;172;0;0;54;65;0.5;195;1;2;0;308;22.9;8;104;0;256x22
25492;0.56;7.8;3.3;191;0;184;185;0;0;54;65;0.5;195;1;2;0;308;22.9;8;104;0;256x22
25646;0.61;7.9;3.9;201;0;186;197;0;0;54;65;0.5;195;1;2;0;308;22.9;8;104;0;256x22
25646;0.56;7.5;2.5;187;0;193;196;0;0;54;65;0.5;195;1;2;0;308;22.9;8;104;0;256x22
18458;0.51;7.3;7;169;1;182;176;744;614;54;65;0.5;185;1;2;0;308;22.9;6;104;0;256x22
17230;0.44;6.5;8;188;1;193;197;0;0;54;65;0.5;185;1;2;0;308;22.9;6;104;0;256x22
24728;1.09;9.4;12.3;190;4;167;168;0;0;54;65;0.5;185;1;2;0;308;22.9;10;104;0;256x22
25124;1.36;11.6;8.1;172;1;170;168;0;0;54;65;0.5;169;1;2;0;290;22.9;14;104;0;256x22
25634;0.61;7.3;8.2;207;4;191;196;0;0;54;65;0.5;185;1;2;0;308;22.9;10;104;0;256x22
25755;0.91;11.1;5.8;219;1;194;185;0;0;54;65;0.5;195;1;2;0;308;22.9;7;118;0;280x22
25755;0.65;7.2;6.1;204;4;210;212;0;0;54;65;0.5;185;1;2;0;308;22.9;10;104;0;256x22
25755;0.61;7.3;7.1;228;4;187;180;0;0;54;65;0.5;185;1;2;0;308;22.9;10;104;0;256x22
26056;0.77;9.4;4.1;239;4;161;173;0;0;54;65;0.5;185;1;2;0;308;22.9;10;104;0;256x22
26145;0.62;8;4.7;216;4;169;163;0;0;54;65;0.5;185;1;2;0;308;22.9;10;104;0;256x22
26374;0.83;10.9;5.5;222;4;182;188;0;0;54;65;0.5;185;1;2;0;308;22.9;10;104;0;256x22
26541;0.7;8.6;4.3;221;4;197;188;0;0;54;65;0.5;185;1;2;0;308;22.9;10;104;0;256x22
26541;0.75;9.4;3.7;232;4;198;197;0;0;54;65;0.5;185;1;2;0;308;22.9;10;104;0;256x22
26848;0.98;11.8;4.3;258;4;173;182;0;0;54;65;0.5;185;1;2;0;308;22.9;10;104;0;256x22
26862;0.87;10.8;3.3;230;4;180;183;0;0;54;65;0.5;185;1;2;0;308;22.9;10;104;0;256x22
26889;0.79;9.3;3.7;225;4;191;191;0;0;54;65;0.5;185;1;2;0;308;22.9;10;104;0;256x22
26952;0.81;10.8;5.4;232;4;175;181;0;0;54;65;0.5;185;1;2;0;308;22.9;10;104;0;256x22
26953;0.76;10.5;4;230;4;172;173;0;0;54;65;0.5;185;1;2;0;308;22.9;10;104;0;256x22
26954;0.85;10.4;4.9;240;4;178;181;0;0;54;65;0.5;185;1;2;0;308;22.9;10;104;0;256x22
27227;0.77;10.4;5.9;195;4;229;236;0;0;54;65;0.5;185;1;2;0;308;22.9;10;104;0;256x22
10439;0.69;8.1;8;185;1;153;158;805;796;54;72.5;0.5;190;1;2;0;308;22.9;0;117.7;0;280x22
11558;0.55;9.8;11;200;1;148;145;747;759;54;72.5;0.5;190;1;2;0;308;22.9;0;117.7;0;280x22
11558;0.57;10;11;183;1;173;176;745;739;54;72.5;0.5;190;1;2;0;308;22.9;0;117.7;0;280x22
12248;0.65;8.6;6;192;1;178;187;820;823;54;72.5;0.5;190;1;2;0;308;22.9;0;117.7;0;280x22
12249;0.59;7.7;5;174;1;212;216;837;833;54;72.5;0.5;190;1;2;0;308;22.9;0;117.7;0;280x22
12250;0.58;7.1;4;174;1;211;213;826;861;54;72.5;0.5;190;1;2;0;308;22.9;0;117.7;0;280x22
12093;0.75;14.1;11;177;1;108;125;566;567;54;65;0.5;195;1;2;0;308;22.9;1;118;0;280X22
13491;0.42;7.8;9;184;1;167;159;646;641;54;65;0.5;195;1;2;0;308;22.9;1;118;0;280X22
16821;0.55;7.4;10;171;1;161;167;0;0;54;65;0.5;185;1;2;0;308;22.9;6;104;0;256x22
16042;0.52;8.9;5;187;1;146;147;657;625;54;65;0.5;185;1;2;0;308;22.9;6;104;0;256x22
10892;1.53;16.8;6;197;1;301;295;855;851;54;72.5;0.5;190;1;2;0;308;22.9;0;117.7;0;280x22
18060;0.65;7.6;8.6;209;0;209;200;0;0;54;65;0.5;195;1;2;0;308;22.9;8;104;0;256x22
23636;0.9;10;10.3;273;1;213;210;0;0;54;65;0.5;185;1;2;0;308;22.9;4;104;0;256x22
22426;1.75;17.1;16.6;197;1;191;193;0;0;54;65;0.5;185;1;2;0;308;22.9;4;104;0;256x22
16635;0.44;8;7;181;1;225;223;585;590;54;65;0.5;185;1;2;0;308;22.9;6;104;0;256x22
12258;1.64;24.5;49;186;1;94;94;517;521;54;72.5;0.5;190;1;2;0;308;22.9;0;117.7;0;280x22
12366;1.75;24.2;55;190;1;73;72;527;527;54;72.5;0.5;190;1;2;0;308;22.9;0;117.7;0;280x22
15946;0.74;10.7;6;171;1;197;204;619;611;54;65;0.5;185;1;2;0;308;22.9;6;104;0;256x22
15947;0.82;11.2;4;181;1;207;211;630;629;54;65;0.5;185;1;2;0;308;22.9;6;104;0;256x22
9387;2.01;25.7;5;184;1;231;229;755;761;54;65;0.5;195;1;2;0;308;22.9;1;118;0;280X22
10952;5.04;60.4;5;200;1;162;150;689;688;54;72.5;0.5;190;1;2;0;308;22.9;0;117.7;0;280x22
8951;1.07;15.2;8;165;1;182;182;810;813;54;65;0.5;195;1;2;0;308;22.9;1;118;0;280X22
9024;0.62;7.5;6;235;1;125;136;727;731;54;65;0.5;195;1;2;0;308;22.9;1;118;0;280X22
9024;0.58;7.8;6;237;1;137;102;701;674;54;65;0.5;195;1;2;0;308;22.9;1;118;0;280X22
9544;0.58;8.2;6;184;1;196;189;731;748;54;72.5;0.5;190;1;2;0;308;22.9;0;117.7;0;280x22
9544;0.77;9.1;10;175;1;119;118;725;726;54;72.5;0.5;190;1;2;0;308;22.9;0;117.7;0;280x22
9544;0.74;9.1;7;179;1;194;195;812;806;54;72.5;0.5;190;1;2;0;308;22.9;0;117.7;0;280x22
9566;0.79;13.8;12;275;1;145;137;725;704;54;72.5;0.5;190;1;2;0;308;22.9;0;117.7;0;280x22
10289;0.61;9.2;8;180;1;186;195;792;795;54;72.5;0.5;190;1;2;0;308;22.9;0;117.7;0;280x22
16630;0.61;10.6;15;271;1;195;198;760;785;54;65;0.5;185;1;2;0;308;22.9;6;104;0;256x22
10082;1.19;15.2;12;210;1;187;189;798;806;54;72.5;0.5;190;1;2;0;308;22.9;0;117.7;0;280x22
10169;0.87;9.6;10;196;1;213;213;847;832;54;72.5;0.5;190;1;2;0;308;22.9;0;117.7;0;280x22
10376;0.64;9;8;189;1;162;157;789;821;54;72.5;0.5;190;1;2;0;308;22.9;0;117.7;0;280x22
8997;1.01;13.3;1;177;1;181;203;738;729;54;65;0.5;195;1;2;0;308;22.9;1;118;0;280X22
10450;1.69;20;1;169;1;161;165;734;741;54;65;0.5;195;1;2;0;308;22.9;1;118;0;280X22
11196;1.09;14.2;11;173;1;167;173;810;803;54;72.5;0.5;190;1;2;0;308;22.9;0;117.7;0;280x22
10386;0.92;13;4;227;1;224;225;756;735;54;72.5;0.5;190;1;2;0;308;22.9;0;117.7;0;280x22
11108;1.14;14.9;5;218;1;195;197;677;679;54;72.5;0.5;190;1;2;0;308;22.9;0;117.7;0;280x22
9337;0.69;10.3;9;180;1;195;198;782;783;54;65;0.5;195;1;2;0;308;22.9;1;118;0;280X22
9337;0.64;9.3;7;194;1;203;198;751;750;54;65;0.5;195;1;2;0;308;22.9;1;118;0;280X22
9337;0.64;8.8;7;192;1;190;179;744;736;54;65;0.5;195;1;2;0;308;22.9;1;118;0;280X22
9385;1.1;14;11;170;1;172;195;0;0;54;65;0.5;195;1;2;0;308;22.9;1;118;0;280X22
9385;0.64;8.1;9;184;1;203;174;745;761;54;65;0.5;195;1;2;0;308;22.9;1;118;0;280X22
9386;1.11;14.4;14;199;1;206;198;785;785;54;72.5;0.5;190;1;2;0;308;22.9;0;117.7;0;280x22
9386;1.1;13.5;14;190;1;206;199;774;771;54;72.5;0.5;190;1;2;0;308;22.9;0;117.7;0;280x22
9564;0.9;12.7;13;192;1;144;147;729;735;54;72.5;0.5;190;1;2;0;308;22.9;0;117.7;0;280x22
9565;0.67;9.2;11;189;1;145;144;724;720;54;72.5;0.5;190;1;2;0;308;22.9;0;117.7;0;280x22
9627;0.62;8.5;10;200;1;179;179;728;735;54;72.5;0.5;190;1;2;0;308;22.9;0;117.7;0;280x22
9627;0.7;9.6;7;183;1;196;186;737;737;54;72.5;0.5;190;1;2;0;308;22.9;0;117.7;0;280x22
9628;0.99;13.5;10;185;1;175;173;705;745;54;72.5;0.5;190;1;2;0;308;22.9;0;117.7;0;280x22
9422;1.18;15.3;16;200;1;197;193;760;775;54;65;0.5;195;1;2;0;308;22.9;1;118;0;280X22
9422;1.79;23.3;16;169;1;209;199;742;732;54;72.5;0.5;190;1;2;0;308;22.9;0;117.7;0;280x22
9491;2.02;26.7;15;193;1;198;194;795;785;54;72.5;0.5;190;1;2;0;308;22.9;0;117.7;0;280x22
9588;2.23;28.6;17;180;1;174;170;769;766;54;72.5;0.5;190;1;2;0;308;22.9;0;117.7;0;280x22
9592;1.69;21.2;16;188;1;194;196;798;796;54;72.5;0.5;190;1;2;0;308;22.9;0;117.7;0;280x22
9593;1.11;14;15;195;1;183;187;787;798;54;72.5;0.5;190;1;2;0;308;22.9;0;117.7;0;280x22
9540;0.98;12.2;13;199;1;184;184;768;754;54;72.5;0.5;190;1;2;0;308;22.9;0;117.7;0;280x22
9541;0.71;9.9;12;171;1;176;173;750;750;54;72.5;0.5;190;1;2;0;308;22.9;0;117.7;0;280x22
9541;0.61;9.2;10;229;1;177;173;730;722;54;72.5;0.5;190;1;2;0;308;22.9;0;117.7;0;280x22
10842;1.07;13.1;7;173;1;243;238;795;785;54;72.5;0.5;190;1;2;0;308;22.9;0;117.7;0;280x22
13490;0.64;12.3;11;157;1;109;115;604;603;54;65;0.5;195;1;2;0;308;22.9;1;118;0;280X22
11982;1.11;20.2;6;179;1;114;110;476;401;54;72.5;0.5;190;1;2;0;308;22.9;0;117.7;0;280x22
11982;1.13;20.3;6;174;1;100;110;574;603;54;72.5;0.5;190;1;2;0;308;22.9;0;117.7;0;280x22
11982;1.14;20.3;9;184;1;104;106;583;583;54;72.5;0.5;190;1;2;0;308;22.9;0;117.7;0;280x22
11982;1;18.9;5;174;1;115;115;506;445;54;72.5;0.5;190;1;2;0;308;22.9;0;117.7;0;280x22
12390;1.36;22.6;6;182;1;152;149;622;664;54;72.5;0.5;190;1;2;0;308;22.9;0;117.7;0;280x22
12405;2.55;39.3;10;186;1;145;146;625;635;54;72.5;0.5;190;1;2;0;308;22.9;0;117.7;0;280x22
12240;1.4;18.3;9;181;1;143;145;693;687;54;72.5;0.5;190;1;2;0;308;22.9;0;117.7;0;280x22
17674;1.33;13.7;13;170;1;175;172;617;592;54;65;0.5;185;1;2;0;308;22.9;6;104;0;256x22
17833;1.13;12.2;14;168;1;167;173;594;632;54;65;0.5;185;1;2;0;308;22.9;6;104;0;256x22
17834;1.13;11.9;11;173;1;165;165;617;573;54;65;0.5;185;1;2;0;308;22.9;6;104;0;256x22
17835;1.36;13.7;14;193;1;160;151;612;605;54;65;0.5;185;1;2;0;308;22.9;6;104;0;256x22
17882;1.24;11;10;182;1;224;225;622;630;54;65;0.5;185;1;2;0;308;22.9;6;104;0;256x22
17937;1.11;12;11;171;1;180;165;0;0;54;65;0.5;185;1;2;0;308;22.9;6;104;0;256x22
17938;1.16;12.5;12;157;1;217;216;0;0;54;65;0.5;185;1;2;0;308;22.9;6;104;0;256x22
20179;0.51;8.2;7.6;183;0;151;142;0;0;54;65;0.5;195;1;2;0;308;22.9;8;104;0;256x22
20179;0.6;8.3;8;191;0;168;181;0;0;54;65;0.5;195;1;2;0;308;22.9;8;104;0;256x22
26413;0.63;7.4;9.8;186;1;221;209;0;0;54;65;0.5;195;1;2;0;308;22.9;7;118;0;280x22
26153;1.16;8.7;12.9;230;1;212;207;0;0;54;65;0.5;185;1;2;0;308;22.9;4;104;0;256x22
16976;2.51;20.3;32;168;1;282;261;701;708;54;65;0.5;185;1;2;0;308;22.9;6;104;0;256x22
17330;0.61;7.6;8;170;1;207;204;0;0;54;65;0.5;185;1;2;0;308;22.9;6;104;0;256x22
18009;0.56;6.9;6;179;1;194;191;676;718;54;65;0.5;185;1;2;0;308;22.9;6;104;0;256x22
18009;0.51;6.6;6.2;190;4;177;179;0;0;54;65;0.5;185;1;2;0;308;22.9;10;104;0;256x22
18009;0.55;6.9;5.6;212;4;180;177;0;0;54;65;0.5;185;1;2;0;308;22.9;10;104;0;256x22
24143;0.82;8.6;4.6;182;1;161;159;0;0;54;65;0.5;185;1;2;0;308;22.9;6;104;0;256x22
24144;1.23;11.7;2.9;188;1;165;161;0;0;54;65;0.5;185;1;2;0;308;22.9;6;104;0;256x22
20344;0.55;7.4;6.7;202;1;143;145;0;0;54;65;0.5;185;1;2;0;308;22.9;4;104;0;256x22
20730;0.69;10.4;15.3;168;1;164;161;0;0;54;72.5;0.5;190;1;1;0;308;22.9;3;117.7;0;280x22
20898;0.65;9;12.7;175;1;179;181;0;0;54;72.5;0.5;190;1;1;0;308;22.9;3;117.7;0;280x22
20939;0.48;6.9;8.4;188;1;184;183;0;0;54;72.5;0.5;190;1;1;0;308;22.9;3;117.7;0;280x22
22277;1.17;8.7;6.2;198;1;154;148;0;0;54;65;0.5;185;1;2;0;308;22.9;4;104;0;256x22
22367;0.9;10.3;6.2;184;1;146;145;0;0;54;65;0.5;185;1;2;0;308;22.9;4;104;0;256x22
22367;1.28;11.8;7.2;181;1;147;142;0;0;54;65;0.5;185;1;2;0;308;22.9;4;104;0;256x22
22448;1.19;10.2;9.4;198;1;141;143;0;0;54;65;0.5;185;1;2;0;308;22.9;4;104;0;256x22
22490;3.12;38.8;194.7;176;1;194;188;0;0;54;65;0.5;185;1;2;0;308;22.9;4;104;0;256x22
22490;1.37;11.6;7.8;209;1;151;144;0;0;54;65;0.5;185;1;2;0;308;22.9;4;104;0;256x22
22490;0.8;10.1;6.3;178;1;158;149;0;0;54;65;0.5;185;1;2;0;308;22.9;4;104;0;256x22
16633;0.63;10.3;11;169;1;178;174;683;655;54;65;0.5;185;1;2;0;308;22.9;6;104;0;256x22
16634;0.69;10.6;11;180;1;179;170;647;620;54;65;0.5;185;1;2;0;308;22.9;6;104;0;256x22
15382;0.65;9.7;8;179;1;149;150;642;638;54;65;0.5;185;1;2;0;308;22.9;6;104;0;256x22
15895;1.49;13.8;12;157;1;161;189;0;0;54;65;0.5;185;1;2;0;308;22.9;6;104;0;256x22
27215;0.66;7.4;8.5;209;4;202;NULL;0;0;54;65;0.5;185;1;2;0;308;22.9;10;104;0;256x22
15951;0.54;10.8;6;168;1;138;141;622;633;54;65;0.5;185;1;2;0;308;22.9;6;104;0;256x22
20333;0.88;7.3;7.2;205;1;195;209;0;0;54;65;0.5;185;1;2;0;308;22.9;6;104;0;256x22
20333;0.8;7.6;8.3;203;1;184;190;0;0;54;65;0.5;185;1;2;0;308;22.9;6;104;0;256x22
20333;0.81;7.8;9.1;196;1;182;191;0;0;54;65;0.5;185;1;2;0;308;22.9;6;104;0;256x22
20333;0.75;7.6;7.7;202;1;182;191;0;0;54;65;0.5;185;1;2;0;308;22.9;6;104;0;256x22
21298;0.73;6.6;8;171;1;233;233;0;0;54;65;0.5;185;1;2;0;308;22.9;6;104;0;256x22
21298;0.83;7.6;8.8;166;1;218;218;0;0;54;65;0.5;185;1;2;0;308;22.9;6;104;0;256x22
21298;0.76;7.2;9;176;1;229;230;0;0;54;65;0.5;185;1;2;0;308;22.9;6;104;0;256x22
21298;0.77;7.5;8.5;170;1;215;217;0;0;54;65;0.5;185;1;2;0;308;22.9;6;104;0;256x22
15565;0.49;6.4;7;174;1;125;121;648;651;54;65;0.5;185;1;2;0;308;22.9;6;104;0;256x22
15942;0.56;7;7;170;1;191;185;672;674;54;65;0.5;185;1;2;0;308;22.9;6;104;0;256x22
11021;0.8;10.7;8;174;1;175;172;827;828;54;72.5;0.5;190;1;2;0;308;22.9;0;117.7;0;280x22
20279;0.91;12.9;5.3;199;1;302;313;0;0;54;65;0.5;195;1;2;0;308;22.9;1;118;0;280X22
20279;0.86;11.8;4;177;1;309;300;0;0;54;65;0.5;195;1;2;0;308;22.9;1;118;0;280X22
26461;0.31;6;3.4;159;1;170;172;0;0;54;65;0.5;195;1;2;0;308;22.9;1;118;0;280X22
24855;0.89;8.4;11.7;204;1;210;200;0;0;54;65;0.5;185;1;2;0;308;22.9;6;104;0;256x22
21340;0.49;8.5;1.6;216;0;142;151;0;0;54;65;0.5;195;1;2;0;308;22.9;8;104;0;256x22
27635;0.82;11.3;0.5;263;3;181;179;0;0;54;65;0.5;190;1;2;0;308;22.9;9;117.7;0;280x22
18537;0.44;6;9;191;1;156;153;0;0;54;65;0.5;185;1;2;0;308;22.9;6;104;0;256x22
18537;0.47;6.3;9;176;1;157;160;635;639;54;65;0.5;185;1;2;0;308;22.9;6;104;0;256x22
24547;1.03;8.9;9.6;189;1;189;191;0;0;54;65;0.5;185;1;2;0;308;22.9;6;104;0;256x22
26988;0.8;9.8;4.9;237;1;181;183;0;0;54;65;0.5;195;1;2;0;308;22.9;7;118;0;280x22
27538;0.84;9.1;12.2;233;1;140;142;0;0;54;65;0.5;195;1;2;0;308;22.9;7;118;0;280x22
27539;0.97;10.8;16.9;227;1;133;128;0;0;54;65;0.5;195;1;2;0;308;22.9;7;118;0;280x22
13883;0.52;9.6;10;203;1;165;174;598;593;54;65;0.5;195;1;2;0;308;22.9;1;118;0;280X22
22305;1.02;11.5;11.9;204;1;215;216;0;0;54;65;0.5;185;1;2;0;308;22.9;4;104;0;256x22
15761;0.59;8.3;10;177;1;183;178;623;622;54;65;0.5;195;1;2;0;308;22.9;1;118;0;280X22
23358;0.87;10.3;11.4;204;0;101;101;0;0;54;65;0.5;195;1;2;0;308;22.9;8;104;0;256x22
23358;0.85;10.3;10;163;0;155;157;0;0;54;65;0.5;195;1;2;0;308;22.9;8;104;0;256x22
23358;0.87;10.1;11;194;0;138;137;0;0;54;65;0.5;195;1;2;0;308;22.9;8;104;0;256x22
23358;0.86;10.6;12;214;0;137;135;0;0;54;65;0.5;195;1;2;0;308;22.9;8;104;0;256x22
23358;0.82;10.6;11.9;212;0;86;85;0;0;54;65;0.5;195;1;2;0;308;22.9;8;104;0;256x22
27674;0.94;13.4;5.7;246;4;152;143;0;0;57;72.5;0.5;192;1;2;0;308;25.52;12;113;0;276x24
27674;0.95;13.7;4.4;268;4;130;131;0;0;57;72.5;0.5;192;1;2;0;308;25.52;12;113;0;276x24
11227;1.02;16.7;6;189;1;138;143;635;638;54;72.5;0.5;190;1;2;0;308;22.9;0;117.7;0;280x22
27623;0.95;13.1;4.5;249;4;133;134;0;0;57;72.5;0.5;192;1;2;0;308;25.52;12;113;0;276x24
27623;0.83;11.3;3.1;260;4;146;146;0;0;57;72.5;0.5;192;1;2;0;308;25.52;12;113;0;276x24
27623;0.9;11.8;3.9;303;4;130;138;0;0;57;72.5;0.5;192;1;2;0;308;25.52;12;113;0;276x24
27623;0.71;9.6;3.5;239;4;154;152;0;0;57;72.5;0.5;192;1;2;0;308;25.52;12;113;0;276x24
15720;0.55;9.1;3;181;1;255;257;0;0;54;65;0.5;195;1;2;0;308;22.9;1;118;0;280X22
26464;0.39;6.8;3.4;200;1;174;175;0;0;54;65;0.5;195;1;2;0;308;22.9;1;118;0;280X22
24757;1.47;12.2;10.2;188;1;168;169;0;0;54;65;0.5;169;1;2;0;290;22.9;14;104;0;256x22
10805;0.55;7.3;8;194;1;164;163;800;781;54;72.5;0.5;190;1;2;0;308;22.9;0;117.7;0;280x22
10805;0.63;8.3;8;183;1;172;167;794;793;54;72.5;0.5;190;1;2;0;308;22.9;0;117.7;0;280x22
16227;0.64;8;8;179;1;245;246;673;657;54;65;0.5;185;1;2;0;308;22.9;6;104;0;256x22
10432;0.62;8;8;169;1;148;146;758;759;54;72.5;0.5;190;1;2;0;308;22.9;0;117.7;0;280x22
18551;0.57;7;8;206;1;178;180;0;0;54;65;0.5;185;1;2;0;308;22.9;6;104;0;256x22
18551;0.46;5.6;5;201;1;155;155;0;0;54;45;0.5;169;1;2;0;290;22.9;5;104;0;256x22
24611;1.33;13.9;14.1;186;0;95;90;0;0;54;65;0.5;195;1;2;0;308;22.9;8;104;0;256x22
24611;1;14.1;13.5;186;0;148;132;0;0;54;65;0.5;195;1;2;0;308;22.9;8;104;0;256x22
28352;1.08;13.1;5.1;254;4;182;173;0;0;54;65;0.5;185;1;2;0;308;22.9;10;104;0;256x22
17935;0.6;8.1;8;170;1;190;179;741;716;54;65;0.5;195;1;2;0;308;22.9;1;118;0;280X22
27380;0.5;9.8;2.7;247;4;139;134;0;0;57;72.5;0.5;192;1;2;0;308;25.52;12;113;0;276x24
19658;0.57;8.5;6.8;189;1;176;185;0;0;54;65;0.5;185;1;2;0;308;22.9;6;104;0;256x22
19658;0.57;8.2;8.1;213;1;193;192;0;0;54;65;0.5;185;1;2;0;308;22.9;6;104;0;256x22
19658;0.55;7.3;6.5;203;1;197;205;0;0;54;65;0.5;185;1;2;0;308;22.9;6;104;0;256x22
19658;0.59;7.4;5.7;188;1;208;204;0;0;54;65;0.5;185;1;2;0;308;22.9;6;104;0;256x22
20056;0.44;6.6;9.1;211;1;187;182;0;0;54;65;0.5;185;1;2;0;308;22.9;6;104;0;256x22
24613;1.03;12.1;4.9;182;0;100;99;0;0;54;65;0.5;195;1;2;0;308;22.9;8;104;0;256x22
24614;1.23;14.1;8.2;163;0;100;109;0;0;54;65;0.5;195;1;2;0;308;22.9;8;104;0;256x22
24615;1;11.4;7.1;180;0;100;99;0;0;54;65;0.5;195;1;2;0;308;22.9;8;104;0;256x22
24615;0.93;10.9;6.3;165;0;102;99;0;0;54;65;0.5;195;1;2;0;308;22.9;8;104;0;256x22
24615;1.18;13.6;10;166;0;111;110;0;0;54;65;0.5;195;1;2;0;308;22.9;8;104;0;256x22
24843;0.99;11.1;6.5;170;0;136;125;0;0;54;65;0.5;195;1;2;0;308;22.9;8;104;0;256x22
24844;6.33;60.9;0.2;177;0;129;142;0;0;54;65;0.5;195;1;2;0;308;22.9;8;104;0;256x22
24844;5.8;55.8;0.2;170;0;135;139;0;0;54;65;0.5;195;1;2;0;308;22.9;8;104;0;256x22
24845;5.07;47.6;-0.1;177;0;103;104;0;0;54;65;0.5;195;1;2;0;308;22.9;8;104;0;256x22
25238;1.06;11.9;7.2;162;0;101;110;0;0;54;65;0.5;195;1;2;0;308;22.9;8;104;0;256x22
25239;1.34;14.3;9.5;178;0;95;98;0;0;54;65;0.5;195;1;2;0;308;22.9;8;104;0;256x22
24616;1.4;16.4;9.3;160;0;141;145;0;0;54;65;0.5;195;1;2;0;308;22.9;8;104;0;256x22
24629;1.87;19.5;13.4;173;0;125;106;0;0;54;65;0.5;195;1;2;0;308;22.9;8;104;0;256x22
24661;1.81;19;10.5;153;0;131;140;0;0;54;65;0.5;195;1;2;0;308;22.9;8;104;0;256x22
24661;2.11;19.3;15.6;180;0;116;124;0;0;54;65;0.5;195;1;2;0;308;22.9;8;104;0;256x22
24661;1.28;14.9;12.4;161;0;154;161;0;0;54;65;0.5;195;1;2;0;308;22.9;8;104;0;256x22
24662;1.22;13.7;8.3;165;0;135;135;0;0;54;65;0.5;195;1;2;0;308;22.9;8;104;0;256x22
25016;1.28;15.6;12.4;189;1;195;193;0;0;54;65;0.5;195;1;2;0;308;22.9;7;118;0;280x22
25016;1.1;13.2;10.7;161;1;181;189;0;0;54;65;0.5;195;1;2;0;308;22.9;7;118;0;280x22
25016;0.98;11.3;8.3;183;1;184;170;0;0;54;65;0.5;195;1;2;0;308;22.9;7;118;0;280x22
25017;1.32;14.6;11.9;177;1;186;183;0;0;54;65;0.5;195;1;2;0;308;22.9;7;118;0;280x22
23142;0.67;9.6;10.1;231;0;139;142;0;0;54;65;0.5;195;1;2;0;308;22.9;8;104;0;256x22
23990;0.86;9;7.1;204;0;231;233;0;0;54;65;0.5;195;1;2;0;308;22.9;8;104;0;256x22
23991;0.87;10.4;6.9;196;0;160;165;0;0;54;65;0.5;195;1;2;0;308;22.9;8;104;0;256x22
24423;0.9;10.3;10;208;0;198;141;0;0;54;65;0.5;195;1;2;0;308;22.9;8;104;0;256x22
24425;0.96;12.1;12.1;205;0;140;129;0;0;54;65;0.5;195;1;2;0;308;22.9;8;104;0;256x22
24426;0.75;9.5;10.5;210;0;136;136;0;0;54;65;0.5;195;1;2;0;308;22.9;8;104;0;256x22
24428;0.93;11;10;218;0;146;131;0;0;54;65;0.5;195;1;2;0;308;22.9;8;104;0;256x22
24430;0.99;11.9;11.5;204;0;140;155;0;0;54;65;0.5;195;1;2;0;308;22.9;8;104;0;256x22
25290;0.84;10.6;7.8;170;1;148;148;0;0;54;65;0.5;195;1;2;0;308;22.9;7;118;0;280x22
25290;0.8;12.4;11.7;180;1;116;113;0;0;54;65;0.5;195;1;2;0;308;22.9;7;118;0;280x22
25291;1;11.8;8.8;205;1;169;161;0;0;54;65;0.5;195;1;2;0;308;22.9;7;118;0;280x22
25291;0.78;10.6;7;168;1;144;142;0;0;54;65;0.5;195;1;2;0;308;22.9;7;118;0;280x22
25291;0.92;10.9;7.4;172;1;152;159;0;0;54;65;0.5;195;1;2;0;308;22.9;7;118;0;280x22
25394;0.7;9;6.6;220;1;182;187;0;0;54;65;0.5;195;1;2;0;308;22.9;7;118;0;280x22
25396;0.82;9;7.2;183;1;187;190;0;0;54;65;0.5;195;1;2;0;308;22.9;7;118;0;280x22
26015;0.9;11.7;7;200;1;157;162;0;0;54;65;0.5;195;1;2;0;308;22.9;7;118;0;280x22
26016;0.87;10.4;7.9;223;1;176;189;0;0;54;65;0.5;195;1;2;0;308;22.9;7;118;0;280x22
26018;0.84;9.2;7;193;1;186;171;0;0;54;65;0.5;195;1;2;0;308;22.9;7;118;0;280x22
26019;0.98;12;7.9;215;1;157;158;0;0;54;65;0.5;195;1;2;0;308;22.9;7;118;0;280x22
26020;1.09;12.2;6.4;201;1;152;151;0;0;54;65;0.5;195;1;2;0;308;22.9;7;118;0;280x22
26024;1.18;13.8;6;201;1;169;164;0;0;54;65;0.5;195;1;2;0;308;22.9;7;118;0;280x22
26022;0.97;12.4;4.4;187;1;165;153;0;0;54;65;0.5;195;1;2;0;308;22.9;7;118;0;280x22
26244;1.14;12.4;6.5;192;1;254;270;0;0;54;65;0.5;195;1;2;0;308;22.9;7;118;0;280x22
26247;0.96;11.3;6.3;192;1;236;230;0;0;54;65;0.5;195;1;2;0;308;22.9;7;118;0;280x22
26251;1.06;11.6;11.6;200;1;233;239;0;0;54;65;0.5;195;1;2;0;308;22.9;7;118;0;280x22
26274;1.05;11.6;8.2;193;1;215;216;0;0;54;65;0.5;195;1;2;0;308;22.9;7;118;0;280x22
26285;1;10.6;8.2;189;1;216;216;0;0;54;65;0.5;195;1;2;0;308;22.9;7;118;0;280x22
26286;1.2;13.2;9.2;208;1;218;229;0;0;54;65;0.5;195;1;2;0;308;22.9;7;118;0;280x22
26286;1.07;11.4;9.3;184;1;218;205;0;0;54;65;0.5;195;1;2;0;308;22.9;7;118;0;280x22
26287;0.96;10.4;8.4;182;1;212;213;0;0;54;65;0.5;195;1;2;0;308;22.9;7;118;0;280x22
26288;0.95;10;6.9;183;1;232;226;0;0;54;65;0.5;195;1;2;0;308;22.9;7;118;0;280x22
26288;0.93;10.1;6.5;170;1;229;231;0;0;54;65;0.5;195;1;2;0;308;22.9;7;118;0;280x22
26290;1.21;12.4;9.1;210;1;233;231;0;0;54;65;0.5;195;1;2;0;308;22.9;7;118;0;280x22
26299;1.07;12;8.1;211;1;230;226;0;0;54;65;0.5;195;1;2;0;308;22.9;7;118;0;280x22
26663;0.95;9.6;8.1;156;1;275;254;0;0;54;65;0.5;195;1;2;0;308;22.9;7;118;0;280x22
26664;1.23;12.1;6.2;155;1;295;288;0;0;54;65;0.5;195;1;2;0;308;22.9;7;118;0;280x22
26665;0.98;9.4;7.9;170;1;287;294;0;0;54;65;0.5;195;1;2;0;308;22.9;7;118;0;280x22
26665;1;10.1;8.8;219;1;280;282;0;0;54;65;0.5;195;1;2;0;308;22.9;7;118;0;280x22
26666;1.11;11.6;8.1;190;1;245;251;0;0;54;65;0.5;195;1;2;0;308;22.9;7;118;0;280x22
26667;1.01;9.4;8.9;192;1;292;293;0;0;54;65;0.5;195;1;2;0;308;22.9;7;118;0;280x22
26667;1.11;10.1;9.8;233;1;285;295;0;0;54;65;0.5;195;1;2;0;308;22.9;7;118;0;280x22
26668;0.98;9.8;10;194;1;254;253;0;0;54;65;0.5;195;1;2;0;308;22.9;7;118;0;280x22
27061;0.95;10.3;8;203;1;171;178;0;0;54;65;0.5;195;1;2;0;308;22.9;7;118;0;280x22
27062;0.94;11;10.4;240;1;146;151;0;0;54;65;0.5;195;1;2;0;308;22.9;7;118;0;280x22
27063;0.84;9.5;7.5;208;1;189;75;0;0;54;65;0.5;195;1;2;0;308;22.9;7;118;0;280x22
27064;1.05;11.2;7.5;208;1;170;178;0;0;54;65;0.5;195;1;2;0;308;22.9;7;118;0;280x22
27394;0.89;10.7;5.3;206;1;163;161;0;0;54;65;0.5;195;1;2;0;308;22.9;7;118;0;280x22
27395;1.08;12.3;3.9;169;1;164;179;0;0;54;65;0.5;195;1;2;0;308;22.9;7;118;0;280x22
27396;0.99;11.5;7.3;199;1;158;150;0;0;54;65;0.5;195;1;2;0;308;22.9;7;118;0;280x22
28051;0.72;8.2;4.6;210;1;194;201;0;0;54;65;0.5;195;1;2;0;308;22.9;7;118;0;280x22
28051;0.94;10.4;5;246;1;199;195;0;0;54;65;0.5;195;1;2;0;308;22.9;7;118;0;280x22
28053;1.02;11.5;3.6;214;1;209;200;0;0;54;65;0.5;195;1;2;0;308;22.9;7;118;0;280x22
28054;0.82;9.4;3.7;219;1;188;180;0;0;54;65;0.5;195;1;2;0;308;22.9;7;118;0;280x22
24127;0.83;10;11.4;182;0;165;167;0;0;54;65;0.5;195;1;2;0;308;22.9;8;104;0;256x22
24128;0.79;9.6;10.5;190;0;161;174;0;0;54;65;0.5;195;1;2;0;308;22.9;8;104;0;256x22
24129;0.82;10.1;11.1;187;0;157;167;0;0;54;65;0.5;195;1;2;0;308;22.9;8;104;0;256x22
24130;0.79;9.9;10.9;183;0;173;168;0;0;54;65;0.5;195;1;2;0;308;22.9;8;104;0;256x22
23986;0.75;11.5;12.6;214;0;144;122;0;0;54;65;0.5;195;1;2;0;308;22.9;8;104;0;256x22
24312;1.18;15;4;193;0;145;153;0;0;54;65;0.5;195;1;2;0;308;22.9;8;104;0;256x22
28204;0.78;11.3;4.2;241;4;148;131;0;0;57;72.5;0.5;192;1;2;0;308;25.52;12;113;0;276x24
28205;0.92;13.1;4.5;247;4;157;142;0;0;57;72.5;0.5;192;1;2;0;308;25.52;12;113;0;276x24
28205;1.22;16.5;3;220;4;151;147;0;0;57;72.5;0.5;192;1;2;0;308;25.52;12;113;0;276x24
28206;0.82;11.9;4.6;249;4;146;145;0;0;57;72.5;0.5;192;1;2;0;308;25.52;12;113;0;276x24
28276;0.74;11.7;5.3;269;4;131;134;0;0;57;72.5;0.5;192;1;2;0;308;25.52;12;113;0;276x24
23721;1.11;12.3;8.6;206;0;249;233;0;0;54;65;0.5;195;1;2;0;308;22.9;8;104;0;256x22
23721;1.2;11.6;9.3;215;0;312;318;0;0;54;65;0.5;195;1;2;0;308;22.9;8;104;0;256x22
23722;1.11;11.4;9.5;221;0;261;261;0;0;54;65;0.5;195;1;2;0;308;22.9;8;104;0;256x22
23723;1.17;12.6;9.6;206;0;239;238;0;0;54;65;0.5;195;1;2;0;308;22.9;8;104;0;256x22
23724;1.13;13.6;7.7;218;0;169;166;0;0;54;65;0.5;195;1;2;0;308;22.9;8;104;0;256x22
23724;0.86;11.2;7.6;195;0;165;166;0;0;54;65;0.5;195;1;2;0;308;22.9;8;104;0;256x22
23724;0.92;11.6;12.7;210;0;112;109;0;0;54;65;0.5;195;1;2;0;308;22.9;8;104;0;256x22
23724;0.8;10.9;11.5;209;0;113;115;0;0;54;65;0.5;195;1;2;0;308;22.9;8;104;0;256x22
23725;1;11.8;9.1;203;0;186;180;0;0;54;65;0.5;195;1;2;0;308;22.9;8;104;0;256x22
23726;1.06;12.9;8.6;214;0;183;181;0;0;54;65;0.5;195;1;2;0;308;22.9;8;104;0;256x22
24643;1.5;16.6;10.2;161;0;240;244;0;0;54;65;0.5;195;1;2;0;308;22.9;8;104;0;256x22
24643;1.21;14.2;12.2;206;0;125;130;0;0;54;65;0.5;195;1;2;0;308;22.9;8;104;0;256x22
24710;1.41;16.4;5.5;161;0;190;191;0;0;54;65;0.5;195;1;2;0;308;22.9;8;104;0;256x22
24710;1.17;12.4;5.6;188;0;200;200;0;0;54;65;0.5;195;1;2;0;308;22.9;8;104;0;256x22
24710;1.41;14.7;4.9;172;0;265;273;0;0;54;65;0.5;195;1;2;0;308;22.9;8;104;0;256x22
25276;1.19;13.6;7.6;192;0;193;206;0;0;54;65;0.5;195;1;2;0;308;22.9;8;104;0;256x22
25276;1.31;12.4;9.5;198;0;316;308;0;0;54;65;0.5;195;1;2;0;308;22.9;8;104;0;256x22
25276;1.31;13.8;6.8;189;0;266;265;0;0;54;65;0.5;195;1;2;0;308;22.9;8;104;0;256x22
25277;1.45;15.5;9.9;160;0;223;222;0;0;54;65;0.5;195;1;2;0;308;22.9;8;104;0;256x22
25279;1.67;18.1;8.9;167;0;239;230;0;0;54;65;0.5;195;1;2;0;308;22.9;8;104;0;256x22
11452;1.03;13;6;181;1;169;160;930;720;54;72.5;0.5;190;1;2;0;308;22.9;0;117.7;0;280x22
11453;0.85;10.5;4;181;1;171;175;721;732;54;72.5;0.5;190;1;2;0;308;22.9;0;117.7;0;280x22
10985;1.25;15;9;230;1;185;208;716;738;54;72.5;0.5;190;1;2;0;308;22.9;0;117.7;0;280x22
11033;1.54;18;10;206;1;196;186;702;712;54;72.5;0.5;190;1;2;0;308;22.9;0;117.7;0;280x22
11091;1.17;14.1;3;191;1;147;158;665;661;54;72.5;0.5;190;1;2;0;308;22.9;0;117.7;0;280x22
11093;1.31;16.6;4.2;172;1;104;128;610;630;54;72.5;0.5;190;1;2;0;308;22.9;0;117.7;0;280x22
11095;2.56;32.2;5;168;1;90;85;589;588;54;72.5;0.5;190;1;2;0;308;22.9;0;117.7;0;280x22
11152;1.69;21.5;9;181;1;169;195;773;771;54;72.5;0.5;190;1;2;0;308;22.9;0;117.7;0;280x22
11154;2.76;33.9;9;177;1;175;176;774;773;54;72.5;0.5;190;1;2;0;308;22.9;0;117.7;0;280x22
11214;3.48;40.8;8;189;1;184;186;689;696;54;72.5;0.5;190;1;2;0;308;22.9;0;117.7;0;280x22
11215;1.58;17.4;3;191;1;171;184;747;765;54;72.5;0.5;190;1;2;0;308;22.9;0;117.7;0;280x22
11215;1.31;16.8;3;176;1;148;148;707;692;54;72.5;0.5;190;1;2;0;308;22.9;0;117.7;0;280x22
11215;1.42;17.1;6;194;1;118;113;840;847;54;72.5;0.5;190;1;2;0;308;22.9;0;117.7;0;280x22
11215;1.37;16.8;5;194;1;151;157;650;712;54;72.5;0.5;190;1;2;0;308;22.9;0;117.7;0;280x22
11216;1.75;19.8;2;198;1;176;175;738;737;54;72.5;0.5;190;1;2;0;308;22.9;0;117.7;0;280x22
11223;1.69;20.7;6;198;1;182;191;722;742;54;72.5;0.5;190;1;2;0;308;22.9;0;117.7;0;280x22
11224;2.04;24.8;5;195;1;192;196;708;722;54;72.5;0.5;190;1;2;0;308;22.9;0;117.7;0;280x22
11398;0.75;9.4;4;193;1;172;170;715;713;54;72.5;0.5;190;1;2;0;308;22.9;0;117.7;0;280x22
11399;0.78;9.9;3;197;1;174;162;726;711;54;72.5;0.5;190;1;2;0;308;22.9;0;117.7;0;280x22
11443;0.83;11.8;7;178;1;136;128;685;688;54;72.5;0.5;190;1;2;0;308;22.9;0;117.7;0;280x22
11469;1.05;12.9;6;182;1;150;149;717;720;54;72.5;0.5;190;1;2;0;308;22.9;0;117.7;0;280x22
11497;1.18;14.7;6;184;1;198;193;802;808;54;72.5;0.5;190;1;2;0;308;22.9;0;117.7;0;280x22
11497;1.05;16.9;8;189;1;137;141;600;592;54;72.5;0.5;190;1;2;0;308;22.9;0;117.7;0;280x22
11497;1.12;16.8;7;188;1;125;131;605;608;54;72.5;0.5;190;1;2;0;308;22.9;0;117.7;0;280x22
11497;1.08;15.1;7;190;1;201;201;785;773;54;72.5;0.5;190;1;2;0;308;22.9;0;117.7;0;280x22
11497;1.06;15.6;11;189;1;204;198;744;746;54;72.5;0.5;190;1;2;0;308;22.9;0;117.7;0;280x22
11497;1.1;15;8;178;1;189;189;770;756;54;72.5;0.5;190;1;2;0;308;22.9;0;117.7;0;280x22
11497;1.15;14.3;9;186;1;193;201;815;799;54;72.5;0.5;190;1;2;0;308;22.9;0;117.7;0;280x22
11497;1.04;14.5;5;196;1;201;190;782;776;54;72.5;0.5;190;1;2;0;308;22.9;0;117.7;0;280x22
11545;1.14;15.7;3;201;1;171;171;790;780;54;72.5;0.5;190;1;2;0;308;22.9;0;117.7;0;280x22
11546;1.13;15.8;6;187;1;179;170;775;770;54;72.5;0.5;190;1;2;0;308;22.9;0;117.7;0;280x22
11650;0.95;14.6;6;189;1;154;168;660;657;54;72.5;0.5;190;1;2;0;308;22.9;0;117.7;0;280x22
11651;0.67;11.9;7;184;1;153;155;628;632;54;72.5;0.5;190;1;2;0;308;22.9;0;117.7;0;280x22
11660;1.03;14.9;5;188;1;166;157;763;758;54;72.5;0.5;190;1;2;0;308;22.9;0;117.7;0;280x22
11629;1.13;17.5;4;192;1;122;118;619;625;54;72.5;0.5;190;1;2;0;308;22.9;0;117.7;0;280x22
11653;0.62;8.8;3;187;1;157;155;640;645;54;72.5;0.5;190;1;2;0;308;22.9;0;117.7;0;280x22
16437;0.58;8.8;3;187;1;249;262;816;835;54;65;0.5;195;1;2;0;308;22.9;1;118;0;280X22
17936;0.54;7.3;6;179;1;204;204;0;0;54;65;0.5;195;1;2;0;308;22.9;1;118;0;280X22
22045;0.48;6.5;7.3;213;1;181;170;0;0;54;65;0.5;185;1;2;0;308;22.9;4;104;0;256x22
16599;0.6;9.2;4;176;1;257;260;0;0;54;65;0.5;195;1;2;0;308;22.9;1;118;0;280X22
24493;0.59;7.8;5;240;4;201;184;0;0;54;65;0.5;185;1;2;0;308;22.9;10;104;0;256x22
24493;0.41;6;4;258;4;205;194;0;0;54;65;0.5;185;1;2;0;308;22.9;10;104;0;256x22
24493;0.96;8.4;6.6;222;1;199;197;0;0;54;65;0.5;169;1;2;0;290;22.9;14;104;0;256x22
24493;0.53;7.1;5.2;225;3;192;187;0;0;54;65;0.5;190;1;2;0;308;22.9;9;117.7;0;280x22
24493;0.67;8.2;6.5;251;1;206;210;0;0;54;65;0.5;195;1;2;0;308;22.9;NULL;104;0;256x22
24493;0.7;8.8;5.6;191;1;173;169;0;0;54;65;0.5;169;1;2;0;290;22.9;14;104;0;256x22
24493;0.49;6.5;3.9;180;4;164;165;0;0;54;65;0.5;185;1;2;0;308;22.9;10;104;0;256x22
24493;0.85;7.6;6.4;186;1;175;169;0;0;54;65;0.5;169;1;2;0;290;22.9;14;104;0;256x22
24493;0.44;6.1;6.5;194;4;162;146;0;0;54;65;0.5;185;1;2;0;308;22.9;10;104;0;256x22
24493;0.49;6.4;6.3;211;4;184;181;0;0;54;65;0.5;185;1;2;0;308;22.9;10;104;0;256x22
10244;2.34;25;15;191;1;167;158;670;700;54;72.5;0.5;190;1;2;0;308;22.9;0;117.7;0;280x22
27153;1.1;19;10.6;234;4;137;134;0;0;54;65;0.5;185;1;2;0;308;22.9;10;104;0;256x22
27155;1.99;20.8;6.9;235;4;180;171;0;0;54;65;0.5;185;1;2;0;308;22.9;10;104;0;256x22
27302;2.07;24.3;6.3;214;4;145;137;0;0;54;65;0.5;185;1;2;0;308;22.9;10;104;0;256x22
28000;1.8;21.5;6.1;228;4;174;160;0;0;54;65;0.5;185;1;2;0;308;22.9;10;104;0;256x22
28000;1.88;23.6;5.2;210;4;139;137;0;0;54;65;0.5;185;1;2;0;308;22.9;10;104;0;256x22
28000;1.86;22.9;4.3;238;4;189;199;0;0;54;65;0.5;185;1;2;0;308;22.9;10;104;0;256x22
28014;1.78;24.6;8.6;209;4;132;139;0;0;54;65;0.5;185;1;2;0;308;22.9;10;104;0;256x22
28016;1.88;22.2;8.3;222;4;161;161;0;0;54;65;0.5;185;1;2;0;308;22.9;10;104;0;256x22
28240;1.62;22;4.8;230;4;168;177;0;0;54;65;0.5;185;1;2;0;308;22.9;10;104;0;256x22
28240;1.6;19.5;4.8;248;4;228;226;0;0;54;65;0.5;185;1;2;0;308;22.9;10;104;0;256x22
28407;1.19;18.4;7.8;223;4;81;86;0;0;54;65;0.5;185;1;2;0;308;22.9;10;104;0;256x22
28408;1.25;19.4;8.9;225;4;84;109;0;0;54;65;0.5;185;1;2;0;308;22.9;10;104;0;256x22
28412;1.07;15.8;5.4;209;4;86;87;0;0;54;65;0.5;185;1;2;0;308;22.9;10;104;0;256x22
28412;1.1;16.1;5.2;199;4;89;88;0;0;54;65;0.5;185;1;2;0;308;22.9;10;104;0;256x22
28619;1;15.4;6.5;243;4;165;154;0;0;54;65;0.5;185;1;2;0;308;22.9;10;104;0;256x22
28620;1.15;17.6;6.9;221;4;171;177;0;0;54;65;0.5;185;1;2;0;308;22.9;10;104;0;256x22
28621;1.25;19.6;6.1;224;4;116;115;0;0;54;65;0.5;185;1;2;0;308;22.9;10;104;0;256x22
28621;1.01;15.6;6.3;221;4;178;191;0;0;54;65;0.5;185;1;2;0;308;22.9;10;104;0;256x22
28622;1.06;16.2;11.2;225;4;186;183;0;0;54;65;0.5;185;1;2;0;308;22.9;10;104;0;256x22
28623;1.09;16.4;5.9;225;4;238;246;0;0;54;65;0.5;185;1;2;0;308;22.9;10;104;0;256x22
28862;1.79;21.8;6.3;221;4;173;172;0;0;54;65;0.5;185;1;2;0;308;22.9;10;104;0;256x22
28864;1.35;19.1;7.8;208;4;114;117;0;0;54;65;0.5;185;1;2;0;308;22.9;10;104;0;256x22
28866;3.21;39;6.2;207;4;108;114;0;0;54;65;0.5;185;1;2;0;308;22.9;10;104;0;256x22
28867;2.78;34.1;10.2;220;4;111;108;0;0;54;65;0.5;185;1;2;0;308;22.9;10;104;0;256x22
29081;0.94;14.6;8.4;243;4;160;163;0;0;54;65;0.5;185;1;2;0;308;22.9;10;104;0;256x22
28415;1.9;25.1;16.1;248;4;128;174;0;0;54;65;0.5;185;1;2;0;308;22.9;10;104;0;256x22
28416;1.49;21.3;13.7;248;4;127;131;0;0;54;65;0.5;185;1;2;0;308;22.9;10;104;0;256x22
12462;1;8.7;8;184;1;287;281;0;0;54;72.5;0.5;190;1;2;0;308;22.9;0;117.7;0;280x22
10976;0.89;11.6;5;173;1;91;90;607;610;54;72.5;0.5;190;1;2;0;308;22.9;0;117.7;0;280x22
11243;0.59;10;4;210;1;122;141;603;600;54;72.5;0.5;190;1;2;0;308;22.9;0;117.7;0;280x22
26232;1.24;13.1;10.4;190;1;219;217;0;0;54;65;0.5;195;1;2;0;308;22.9;7;118;0;280x22
25035;0.97;12.1;12.6;175;0;246;249;0;0;54;65;0.5;195;1;2;0;308;22.9;8;104;0;256x22
25036;1.04;12.8;10.8;167;0;307;311;0;0;54;65;0.5;195;1;2;0;308;22.9;8;104;0;256x22
25038;1.2;13.8;13;184;0;481;489;0;0;54;65;0.5;195;1;2;0;308;22.9;8;104;0;256x22
25041;1.2;14.1;13.1;186;0;267;259;0;0;54;65;0.5;195;1;2;0;308;22.9;8;104;0;256x22
25563;1.39;17.1;5.3;201;0;141;138;0;0;54;65;0.5;195;1;2;0;308;22.9;8;104;0;256x22
25564;1.6;19.2;6.9;211;0;125;128;0;0;54;65;0.5;195;1;2;0;308;22.9;8;104;0;256x22
23901;0.83;6.5;6;209;4;212;209;0;0;54;65;0.5;185;1;2;0;308;22.9;10;104;0;256x22
28234;0.76;10.1;3.3;251;4;167;161;0;0;57;72.5;0.5;192;1;2;0;308;25.52;12;113;0;276x24
28740;1.9;24.8;28.6;304;4;167;167;0;0;57;72.5;0.5;215;1;2;0;315;25.52;15;113;0;276x24
29359;0.9;12.4;5.8;274;4;144;155;0;0;57;72.5;0.5;215;1;2;0;315;25.52;15;113;0;276x24
29483;0.89;11.9;5.8;305;4;158;152;0;0;57;72.5;0.5;215;1;2;0;315;25.52;15;113;0;276x24
28062;0.79;11.1;10.2;264;4;209;218;0;0;57;72.5;0.5;192;1;2;0;308;25.52;12;113;0;276x24
24106;2.43;31;11.7;199;0;127;131;0;0;54;65;0.5;195;1;2;0;308;22.9;8;104;0;256x22
24167;1.8;23.7;5.5;203;0;115;119;0;0;54;65;0.5;195;1;2;0;308;22.9;8;104;0;256x22
24169;1.73;22.9;3.4;191;0;110;115;0;0;54;65;0.5;195;1;2;0;308;22.9;8;104;0;256x22
24171;1.94;24.9;3.2;204;0;110;113;0;0;54;65;0.5;195;1;2;0;308;22.9;8;104;0;256x22
24285;1.74;21.5;1.2;204;0;134;140;0;0;54;65;0.5;195;1;2;0;308;22.9;8;104;0;256x22
24334;1.69;21.3;13.1;212;0;133;137;0;0;54;65;0.5;195;1;2;0;308;22.9;8;104;0;256x22
24434;1.58;19.6;12.4;212;0;138;139;0;0;54;65;0.5;195;1;2;0;308;22.9;8;104;0;256x22
24438;1.17;16;3.6;209;0;137;146;0;0;54;65;0.5;195;1;2;0;308;22.9;8;104;0;256x22
24439;1.7;22.2;4;186;0;147;154;0;0;54;65;0.5;195;1;2;0;308;22.9;8;104;0;256x22
24445;1.83;22.6;14.7;212;0;154;169;0;0;54;65;0.5;195;1;2;0;308;22.9;8;104;0;256x22
24446;1.83;22.1;13.3;212;0;148;150;0;0;54;65;0.5;195;1;2;0;308;22.9;8;104;0;256x22
24452;2.23;28.4;14.2;224;0;126;156;0;0;54;65;0.5;195;1;2;0;308;22.9;8;104;0;256x22
24452;1.95;25.8;9.9;189;0;131;109;0;0;54;65;0.5;195;1;2;0;308;22.9;8;104;0;256x22
24452;3.07;35.1;16.7;161;0;142;138;0;0;54;65;0.5;195;1;2;0;308;22.9;8;104;0;256x22
24447;1.73;21.8;11.3;209;0;158;152;0;0;54;65;0.5;195;1;2;0;308;22.9;8;104;0;256x22
24448;1.78;21.7;13.1;207;0;149;148;0;0;54;65;0.5;195;1;2;0;308;22.9;8;104;0;256x22
24449;1.86;22.8;13.9;209;0;159;145;0;0;54;65;0.5;195;1;2;0;308;22.9;8;104;0;256x22
24644;2.09;25;3.6;181;0;131;125;0;0;54;65;0.5;195;1;2;0;308;22.9;8;104;0;256x22
24678;2.59;32.3;2.2;192;0;127;127;0;0;54;65;0.5;195;1;2;0;308;22.9;8;104;0;256x22
24726;4.23;48.7;7.4;168;0;163;157;0;0;54;65;0.5;195;1;2;0;308;22.9;8;104;0;256x22
24775;2.3;28.4;3.6;191;0;117;117;0;0;54;65;0.5;195;1;2;0;308;22.9;8;104;0;256x22
24778;1.56;20;4.4;190;0;111;109;0;0;54;65;0.5;195;1;2;0;308;22.9;8;104;0;256x22
24784;2.87;36.7;6.7;180;0;164;161;0;0;54;65;0.5;195;1;2;0;308;22.9;8;104;0;256x22
24785;2.69;30.4;6.8;193;0;211;211;0;0;54;65;0.5;195;1;2;0;308;22.9;8;104;0;256x22
25171;1.86;22.6;5.7;171;0;132;131;0;0;54;65;0.5;195;1;2;0;308;22.9;8;104;0;256x22
25172;1.59;19.5;4.1;154;0;126;122;0;0;54;65;0.5;195;1;2;0;308;22.9;8;104;0;256x22
24504;2.88;36.9;6.9;162;0;103;111;0;0;54;65;0.5;195;1;2;0;308;22.9;8;104;0;256x22
12140;0.75;9.7;7;177;1;235;233;0;0;54;72.5;0.5;190;1;2;0;308;22.9;0;117.7;0;280x22
12141;0.86;11.1;8;181;1;217;217;806;798;54;72.5;0.5;190;1;2;0;308;22.9;0;117.7;0;280x22
15864;0.45;10;4;179;1;114;106;709;699;54;65;0.5;195;1;2;0;308;22.9;7;118;0;280x22
24607;8.69;101.8;11.2;193;0;149;146;0;0;54;65;0.5;195;1;2;0;308;22.9;8;104;0;256x22
25057;0.59;7.5;2;178;0;215;210;0;0;54;65;0.5;195;1;2;0;308;22.9;8;104;0;256x22
23292;1.11;9.4;7.9;216;1;198;184;0;0;54;65;0.5;185;1;2;0;308;22.9;6;104;0;256x22
23292;1.29;8;6.5;215;4;194;NULL;0;0;54;65;0.5;185;1;2;0;308;22.9;10;104;0;256x22
15569;0.45;6.8;5;172;1;117;116;674;652;54;65;0.5;185;1;2;0;308;22.9;6;104;0;256x22
15943;0.62;8;6;168;1;197;192;655;655;54;65;0.5;185;1;2;0;308;22.9;6;104;0;256x22
15944;0.57;8.3;6;171;1;177;161;647;647;54;65;0.5;185;1;2;0;308;22.9;6;104;0;256x22
20999;0.49;6.7;3.2;213;0;231;239;0;0;54;65;0.5;195;1;2;0;308;22.9;8;104;0;256x22
20999;0.48;6.5;2.6;249;0;203;209;0;0;54;65;0.5;195;1;2;0;308;22.9;8;104;0;256x22
20999;0.74;7.1;3.5;198;1;200;194;0;0;54;45;0.5;169;1;2;0;290;22.9;5;104;0;256x22
20999;0.5;6.8;2.6;197;0;249;255;0;0;54;65;0.5;195;1;2;0;308;22.9;8;104;0;256x22
20999;0.49;7.7;2.7;220;0;197;194;0;0;54;65;0.5;195;1;2;0;308;22.9;8;104;0;256x22
15600;0.74;10.9;10;178;1;166;162;666;668;54;65;0.5;185;1;2;0;308;22.9;6;104;0;256x22
9313;0.58;6.5;4;190;1;200;199;758;757;54;65;0.5;195;1;2;0;308;22.9;1;118;0;280X22
9313;0.89;9.6;6;168;1;148;150;789;787;54;65;0.5;195;1;2;0;308;22.9;1;118;0;280X22
9636;0.81;9;6;191;1;189;207;790;819;54;72.5;0.5;190;1;2;0;308;22.9;0;117.7;0;280x22
9936;1.19;15.2;12;179;1;173;163;796;793;54;72.5;0.5;190;1;2;0;308;22.9;0;117.7;0;280x22
25542;0.46;6.5;6.2;193;4;169;162;0;0;54;65;0.5;185;1;2;0;308;22.9;10;104;0;256x22
23356;0.66;8.6;6.8;197;0;110;106;0;0;54;65;0.5;195;1;2;0;308;22.9;8;104;0;256x22
17853;0.45;8.4;1;177;1;190;193;701;670;54;65;0.5;185;1;2;0;308;22.9;6;104;0;256x22
20280;0.49;9.1;3.9;198;1;207;199;0;0;54;65;0.5;195;1;2;0;308;22.9;1;118;0;280X22
20280;0.42;7.4;3.4;192;1;218;212;0;0;54;65;0.5;195;1;2;0;308;22.9;1;118;0;280X22
9043;0.97;10.9;8;180;1;196;201;820;805;54;65;0.5;195;1;2;0;308;22.9;1;118;0;280X22
19092;0.51;5.7;4.7;199;1;172;177;0;0;54;65;0.5;185;1;2;0;308;22.9;6;104;0;256x22
20283;0.48;8.7;3.6;203;1;222;218;0;0;54;65;0.5;195;1;2;0;308;22.9;1;118;0;280X22
24842;0.91;10.1;5.9;169;0;121;121;0;0;54;65;0.5;195;1;2;0;308;22.9;8;104;0;256x22
22325;0.74;9.2;6.7;201;0;191;188;0;0;54;65;0.5;195;1;2;0;308;22.9;8;104;0;256x22
22325;1.06;11;7.4;207;0;141;NULL;0;0;54;65;0.5;195;1;2;0;308;22.9;8;104;0;256x22
22325;1;10.2;6.9;221;1;240;236;0;0;54;65;0.5;195;1;2;0;308;22.9;7;118;0;280x22
22325;1.11;11;9.2;183;1;261;246;0;0;54;65;0.5;195;1;2;0;308;22.9;7;118;0;280x22
22325;1.05;12.1;9.7;216;1;188;188;0;0;54;65;0.5;195;1;2;0;308;22.9;7;118;0;280x22
22325;0.98;10.8;10.1;222;1;200;204;0;0;54;65;0.5;195;1;2;0;308;22.9;7;118;0;280x22
22325;1.09;11.9;10.1;228;1;247;232;0;0;54;65;0.5;195;1;2;0;308;22.9;7;118;0;280x22
23141;0.79;10.6;13.2;202;0;141;141;0;0;54;65;0.5;195;1;2;0;308;22.9;8;104;0;256x22
24427;1.1;9.8;10.2;220;0;177;176;0;0;54;65;0.5;195;1;2;0;308;22.9;8;104;0;256x22
25292;0.8;11.2;7.7;179;1;174;171;0;0;54;65;0.5;195;1;2;0;308;22.9;7;118;0;280x22
25293;0.81;11.4;6.3;185;1;140;144;0;0;54;65;0.5;195;1;2;0;308;22.9;7;118;0;280x22
26021;0.99;12.6;8.7;219;1;171;168;0;0;54;65;0.5;195;1;2;0;308;22.9;7;118;0;280x22
26246;1.08;12;8.4;185;1;226;230;0;0;54;65;0.5;195;1;2;0;308;22.9;7;118;0;280x22
26246;1.09;11.4;7.3;216;1;216;229;0;0;54;65;0.5;195;1;2;0;308;22.9;7;118;0;280x22
26289;0.99;11.1;8.9;188;1;227;233;0;0;54;65;0.5;195;1;2;0;308;22.9;7;118;0;280x22
26289;1.13;12.4;7.5;225;1;229;229;0;0;54;65;0.5;195;1;2;0;308;22.9;7;118;0;280x22
26323;1.4;13.9;6.4;165;1;278;268;0;0;54;65;0.5;195;1;2;0;308;22.9;7;118;0;280x22
26702;0.95;9.9;9.5;196;1;231;241;0;0;54;65;0.5;195;1;2;0;308;22.9;7;118;0;280x22
27403;1.01;11.9;6.6;171;1;154;155;0;0;54;65;0.5;195;1;2;0;308;22.9;7;118;0;280x22
28052;0.7;7.4;4.1;208;1;205;194;0;0;54;65;0.5;195;1;2;0;308;22.9;7;118;0;280x22
28055;0.84;9.6;4.3;217;1;167;170;0;0;54;65;0.5;195;1;2;0;308;22.9;7;118;0;280x22
24131;0.87;10;11;171;0;163;173;0;0;54;65;0.5;195;1;2;0;308;22.9;8;104;0;256x22
23985;0.94;10.2;11.6;198;0;218;211;0;0;54;65;0.5;195;1;2;0;308;22.9;8;104;0;256x22
13725;0.47;7.1;9;174;1;209;203;650;655;54;65;0.5;195;1;2;0;308;22.9;1;118;0;280X22
13726;0.39;6.7;7;171;1;193;195;646;646;54;65;0.5;195;1;2;0;308;22.9;1;118;0;280X22
18095;0.69;9;5;190;1;221;223;0;0;54;65;0.5;185;1;2;0;308;22.9;6;104;0;256x22
11285;1;15.7;19;183;1;163;163;682;674;54;72.5;0.5;190;1;2;0;308;22.9;0;117.7;0;280x22
11285;1.46;19.4;16;179;1;165;158;745;740;54;72.5;0.5;190;1;2;0;308;22.9;0;117.7;0;280x22
15948;0.47;8.7;9;170;1;205;194;634;633;54;65;0.5;185;1;2;0;308;22.9;6;104;0;256x22
17227;0.89;12;10;180;1;181;184;0;0;54;65;0.5;185;1;2;0;308;22.9;6;104;0;256x22
17227;0.89;12.4;11;164;1;194;192;676;679;54;65;0.5;185;1;2;0;308;22.9;6;104;0;256x22
18345;0.68;9.5;10;178;1;171;175;631;646;54;65;0.5;185;1;2;0;308;22.9;6;104;0;256x22
18614;0.53;8.3;4;184;1;154;145;656;624;54;65;0.5;185;1;2;0;308;22.9;6;104;0;256x22
18615;0.54;9.6;10;251;1;155;151;0;0;54;65;0.5;185;1;2;0;308;22.9;6;104;0;256x22
9629;0.73;7.8;10;199;1;231;219;830;815;54;72.5;0.5;190;1;2;0;308;22.9;0;117.7;0;280x22
10240;0.57;8.4;9;189;1;207;203;795;781;54;72.5;0.5;190;1;2;0;308;22.9;0;117.7;0;280x22
10241;0.73;8.7;7;222;1;235;225;820;820;54;72.5;0.5;190;1;2;0;308;22.9;0;117.7;0;280x22
9734;1.86;25.4;3;177;1;113;119;686;682;54;72.5;0.5;190;1;2;0;308;22.9;0;117.7;0;280x22
9339;0.73;10;8;185;1;186;197;762;751;54;65;0.5;195;1;2;0;308;22.9;1;118;0;280X22
9637;1.17;14.8;11;185;1;190;193;767;743;54;72.5;0.5;190;1;2;0;308;22.9;0;117.7;0;280x22
9416;0.8;11.7;13;199;1;187;183;732;728;54;65;0.5;195;1;2;0;308;22.9;1;118;0;280X22
9607;0.9;11.7;19;186;1;152;160;687;694;54;72.5;0.5;190;1;2;0;308;22.9;0;117.7;0;280x22
9591;1.38;14.7;16;182;1;189;185;787;792;54;72.5;0.5;190;1;2;0;308;22.9;0;117.7;0;280x22
15760;0.86;9.6;12;182;1;152;152;753;728;54;65;0.5;195;1;2;0;308;22.9;1;118;0;280X22
10841;1.09;13.7;6;177;1;204;243;785;792;54;72.5;0.5;190;1;2;0;308;22.9;0;117.7;0;280x22
10246;1.06;10.5;8;186;1;308;304;780;778;54;65;0.5;195;1;2;0;308;22.9;1;118;0;280X22
12407;2.76;41.4;1;180;1;151;144;640;699;54;72.5;0.5;190;1;2;0;308;22.9;0;117.7;0;280x22
17380;1.09;11.2;13;231;1;224;233;0;0;54;65;0.5;185;1;2;0;308;22.9;6;104;0;256x22
20320;0.86;11.4;10.4;176;1;173;174;0;0;54;65;0.5;195;1;2;0;308;22.9;1;118;0;280X22
20320;0.67;7.9;9;174;1;206;207;0;0;54;65;0.5;195;1;2;0;308;22.9;7;118;0;280x22
22046;0.39;6.7;8.2;210;1;158;160;0;0;54;65;0.5;185;1;2;0;308;22.9;4;104;0;256x22
20940;0.74;10.3;13.1;146;1;174;162;0;0;54;72.5;0.5;190;1;1;0;308;22.9;3;117.7;0;280x22
22447;1.14;10.5;7.7;204;1;141;174;0;0;54;65;0.5;185;1;2;0;308;22.9;4;104;0;256x22
18312;1.06;11;11;192;1;212;211;678;605;54;65;0.5;185;1;2;0;308;22.9;6;104;0;256x22
22479;0.41;8.4;7;204;1;149;147;0;0;54;65;0.5;185;1;2;0;308;22.9;4;104;0;256x22
26366;0.86;10.9;8.5;172;1;210;216;0;0;54;65;0.5;195;1;2;0;308;22.9;7;118;0;280x22
26366;0.64;8.3;9.8;179;1;207;202;0;0;54;65;0.5;195;1;2;0;308;22.9;7;118;0;280x22
17237;0.63;7.3;14;165;1;225;223;0;0;54;65;0.5;185;1;2;0;308;22.9;6;104;0;256x22
16069;0.48;8.8;9;167;1;174;193;0;0;54;65;0.5;185;1;2;0;308;22.9;6;104;0;256x22
23609;0.45;7.7;3.5;195;0;175;164;0;0;54;65;0.5;195;1;2;0;308;22.9;8;104;0;256x22
23681;0.58;9.2;3.4;204;0;151;153;0;0;54;65;0.5;195;1;2;0;308;22.9;8;104;0;256x22
23778;0.42;7.8;5.6;205;0;206;198;0;0;54;65;0.5;195;1;2;0;308;22.9;8;104;0;256x22
24387;1.07;13.9;4;182;0;176;169;0;0;54;65;0.5;195;1;2;0;308;22.9;8;104;0;256x22
26007;0.78;9.8;4.7;211;0;164;164;0;0;54;65;0.5;195;1;2;0;308;22.9;13;104;0;256x22
26007;0.71;7.8;4.4;219;0;169;173;0;0;54;65;0.5;195;1;2;0;308;22.9;13;104;0;256x22
26007;0.57;7.3;3.6;200;0;144;151;0;0;54;51;0.5;195;1;2;0;290;22.9;11;104;1;256x22
18494;0.39;6.2;5;190;1;199;191;629;637;54;65;0.5;185;1;2;0;308;22.9;6;104;0;256x22
24605;0.65;8.1;12.6;260;4;181;179;0;0;54;65;0.5;185;1;2;0;308;22.9;10;104;0;256x22
24605;0.7;8.4;10.7;226;1;173;172;0;0;54;65;0.5;195;1;2;0;308;22.9;7;118;0;280x22
24719;0.51;6.8;6.5;207;4;176;182;0;0;54;65;0.5;185;1;2;0;308;22.9;10;104;0;256x22
24719;0.54;6.6;5.1;199;4;171;175;0;0;54;65;0.5;185;1;2;0;308;22.9;10;104;0;256x22
25046;1.16;10.8;5;169;1;170;171;0;0;54;65;0.5;169;1;2;0;290;22.9;14;104;0;256x22
25591;0.54;8;5.3;229;4;169;170;0;0;54;65;0.5;185;1;2;0;308;22.9;10;104;0;256x22
26135;0.96;12.4;9.9;222;4;156;159;0;0;54;65;0.5;185;1;2;0;308;22.9;10;104;0;256x22
26410;0.63;7.7;6.6;234;4;164;164;0;0;54;65;0.5;185;1;2;0;308;22.9;10;104;0;256x22
26902;0.8;9.8;6.5;237;4;177;184;0;0;54;65;0.5;185;1;2;0;308;22.9;10;104;0;256x22
13511;1.08;11;9;181;1;184;190;0;0;54;72.5;0.5;190;1;2;0;308;22.9;0;117.7;0;280x22
13512;0.93;8.6;6;159;1;195;212;0;0;54;72.5;0.5;190;1;2;0;308;22.9;0;117.7;0;280x22
10232;1.47;15.7;7;173;1;194;199;853;862;54;72.5;0.5;190;1;2;0;308;22.9;0;117.7;0;280x22
10883;0.8;10.7;11;179;1;152;160;766;778;54;72.5;0.5;190;1;2;0;308;22.9;0;117.7;0;280x22
11753;0.79;10.6;10;187;1;167;162;782;779;54;72.5;0.5;190;1;2;0;308;22.9;0;117.7;0;280x22
12246;0.56;7.3;9;171;1;196;188;851;843;54;72.5;0.5;190;1;2;0;308;22.9;0;117.7;0;280x22
12247;0.57;7.6;10;183;1;174;179;853;867;54;72.5;0.5;190;1;2;0;308;22.9;0;117.7;0;280x22
12251;0.55;7.5;3;179;1;231;230;846;841;54;72.5;0.5;190;1;2;0;308;22.9;0;117.7;0;280x22
12252;0.54;7.9;4;189;1;137;130;668;676;54;72.5;0.5;190;1;2;0;308;22.9;0;117.7;0;280x22
27837;0.98;14.3;7.3;237;4;124;124;0;0;57;72.5;0.5;192;1;2;0;308;25.52;12;113;0;276x24
27837;0.94;13;4.8;252;4;145;151;0;0;57;72.5;0.5;192;1;2;0;308;25.52;12;113;0;276x24
24484;1.12;12.8;7.2;215;0;235;242;0;0;54;65;0.5;195;1;2;0;308;22.9;8;104;0;256x22
24484;1.08;13.4;8.7;195;0;171;170;0;0;54;65;0.5;195;1;2;0;308;22.9;8;104;0;256x22
24642;1.28;15.3;13.6;157;0;155;149;0;0;54;65;0.5;195;1;2;0;308;22.9;8;104;0;256x22
24642;1.22;14.7;5.5;194;0;180;189;0;0;54;65;0.5;195;1;2;0;308;22.9;8;104;0;256x22
25278;1.49;13.6;11.2;197;0;233;235;0;0;54;65;0.5;195;1;2;0;308;22.9;8;104;0;256x22
25284;0.88;11.4;5.9;179;0;123;130;0;0;54;65;0.5;195;1;2;0;308;22.9;8;104;0;256x22
11454;0.68;8.7;2;171;1;183;189;753;747;54;72.5;0.5;190;1;2;0;308;22.9;0;117.7;0;280x22
11062;1.12;11.8;22;208;1;213;199;684;710;54;72.5;0.5;190;1;2;0;308;22.9;0;117.7;0;280x22
11063;1.1;12.5;12;215;1;161;178;680;694;54;72.5;0.5;190;1;2;0;308;22.9;0;117.7;0;280x22
11092;0.98;13.5;3;185;1;142;139;686;690;54;72.5;0.5;190;1;2;0;308;22.9;0;117.7;0;280x22
11094;2.28;27.6;2;160;1;92;90;623;628;54;72.5;0.5;190;1;2;0;308;22.9;0;117.7;0;280x22
11153;1.36;17.2;14;189;1;171;180;765;767;54;72.5;0.5;190;1;2;0;308;22.9;0;117.7;0;280x22
11212;1.23;15.5;3;199;1;174;164;727;706;54;72.5;0.5;190;1;2;0;308;22.9;0;117.7;0;280x22
11212;1.1;16.3;2;197;1;156;147;673;668;54;72.5;0.5;190;1;2;0;308;22.9;0;117.7;0;280x22
11225;1.05;14.8;10;203;1;187;175;689;682;54;72.5;0.5;190;1;2;0;308;22.9;0;117.7;0;280x22
11444;0.78;12.7;7;177;1;135;139;668;795;54;72.5;0.5;190;1;2;0;308;22.9;0;117.7;0;280x22
11652;0.82;16.5;3;183;1;131;133;632;635;54;72.5;0.5;190;1;2;0;308;22.9;0;117.7;0;280x22
11630;1.95;24.5;4;188;1;184;199;824;825;54;72.5;0.5;190;1;2;0;308;22.9;0;117.7;0;280x22
11630;1.8;22.3;5;185;1;153;149;650;647;54;72.5;0.5;190;1;2;0;308;22.9;0;117.7;0;280x22
20711;0.61;8.1;6.7;194;1;174;161;0;0;54;72.5;0.5;190;1;1;0;308;22.9;3;117.7;0;280x22
20711;0.74;9.6;10;149;1;208;208;0;0;54;72.5;0.5;190;1;1;0;308;22.9;3;117.7;0;280x22
20711;0.83;7.4;6.5;205;4;178;170;0;0;54;65;0.5;185;1;2;0;308;22.9;10;104;0;256x22
20701;0.49;7.5;9.2;197;1;150;144;0;0;54;72.5;0.5;190;1;1;0;308;22.9;3;117.7;0;280x22
27303;2.05;28.3;4.2;220;4;144;145;0;0;54;65;0.5;185;1;2;0;308;22.9;10;104;0;256x22
27303;2.16;25.3;4.4;220;4;154;161;0;0;54;65;0.5;185;1;2;0;308;22.9;10;104;0;256x22
27999;2.22;27.3;5.6;227;4;207;250;0;0;54;65;0.5;185;1;2;0;308;22.9;10;104;0;256x22
27999;1.67;21;6.8;226;4;198;196;0;0;54;65;0.5;185;1;2;0;308;22.9;10;104;0;256x22
27999;1.78;23.9;6.2;226;4;136;139;0;0;54;65;0.5;185;1;2;0;308;22.9;10;104;0;256x22
27999;1.79;24.2;5.9;216;4;123;138;0;0;54;65;0.5;185;1;2;0;308;22.9;10;104;0;256x22
28015;1.72;21.9;7.6;230;4;134;140;0;0;54;65;0.5;185;1;2;0;308;22.9;10;104;0;256x22
28409;1.11;17.6;6.5;247;4;98;107;0;0;54;65;0.5;185;1;2;0;308;22.9;10;104;0;256x22
28863;1.31;17.3;8;223;4;172;170;0;0;54;65;0.5;185;1;2;0;308;22.9;10;104;0;256x22
28865;1.19;18.2;10.4;220;4;107;104;0;0;54;65;0.5;185;1;2;0;308;22.9;10;104;0;256x22
28414;2.31;28.5;11.6;252;4;147;159;0;0;54;65;0.5;185;1;2;0;308;22.9;10;104;0;256x22
10972;0.94;13.5;3;178;1;81;86;597;593;54;72.5;0.5;190;1;2;0;308;22.9;0;117.7;0;280x22
25037;0.87;11.3;11.8;172;0;301;296;0;0;54;65;0.5;195;1;2;0;308;22.9;8;104;0;256x22
25039;0.9;12.1;11.5;186;0;267;260;0;0;54;65;0.5;195;1;2;0;308;22.9;8;104;0;256x22
25040;1.02;13.2;11.9;182;0;244;252;0;0;54;65;0.5;195;1;2;0;308;22.9;8;104;0;256x22
26231;1.02;11.1;8.7;176;1;207;219;0;0;54;65;0.5;195;1;2;0;308;22.9;7;118;0;280x22
27918;0.91;11.8;3.4;245;4;125;115;0;0;57;72.5;0.5;192;1;2;0;308;25.52;12;113;0;276x24
29360;0.91;12.3;6;281;4;153;150;0;0;57;72.5;0.5;215;1;2;0;315;25.52;15;113;0;276x24
29381;0.77;11.1;3.7;302;4;172;184;0;0;57;72.5;0.5;215;1;2;0;315;25.52;15;113;0;276x24
29526;1.06;12.6;6.1;260;4;184;188;0;0;57;72.5;0.5;215;1;2;1;315;25.52;15;113;0;276x24
24105;2.15;26.5;13.1;202;0;140;138;0;0;54;65;0.5;195;1;2;0;308;22.9;8;104;0;256x22
24168;1.61;20.5;7.4;198;0;116;114;0;0;54;65;0.5;195;1;2;0;308;22.9;8;104;0;256x22
24172;1.2;16.9;4.7;204;0;107;109;0;0;54;65;0.5;195;1;2;0;308;22.9;8;104;0;256x22
24435;1.95;25.4;7.3;210;0;135;130;0;0;54;65;0.5;195;1;2;0;308;22.9;8;104;0;256x22
24436;1.81;22.1;12.8;211;0;148;145;0;0;54;65;0.5;195;1;2;0;308;22.9;8;104;0;256x22
24645;2.07;24.5;4.1;191;0;137;140;0;0;54;65;0.5;195;1;2;0;308;22.9;8;104;0;256x22
24658;1.91;23.5;4.4;184;0;127;129;0;0;54;65;0.5;195;1;2;0;308;22.9;8;104;0;256x22
24702;1.76;22.6;3;203;0;112;112;0;0;54;65;0.5;195;1;2;0;308;22.9;8;104;0;256x22
24777;3.78;43.8;2.7;208;0;125;118;0;0;54;65;0.5;195;1;2;0;308;22.9;8;104;0;256x22
24802;1.87;23.1;3.5;197;0;118;121;0;0;54;65;0.5;195;1;2;0;308;22.9;8;104;0;256x22
24461;1.77;22.1;21.1;179;0;126;128;0;0;54;65;0.5;195;1;2;0;308;22.9;8;104;0;256x22
24724;3.01;34.9;1.4;193;0;125;124;0;0;54;65;0.5;195;1;2;0;308;22.9;8;104;0;256x22
